photo_id,source_url,game_name,subject_type,composition_style,dominant_color,community_score
1,https://www.reddit.com/r/VirtualPhotography/comments/1h6a2jl/cyberpunk_2077_details/,Cyberpunk 2077,Portrait,Fill the frame,Warm,12
2,https://www.reddit.com/r/DivineGamingPhotos/comments/1govd3m/hell_beyond_doom_eternal/,Doom Eternal,Landscape,Framing,Warm,23
3,https://www.reddit.com/r/DivineGamingPhotos/comments/1jiqx0k/standing_in_the_rain_just_tryin_to_stay_dry/,Assassins Creed: Shadows,Portrait,Rule of Thirds,Cool,26
4,https://www.reddit.com/r/DivineGamingPhotos/comments/1i2rgzx/terrace_mirrors_edge_catalyst/,Mirror's Edge Catalyst,Architecture,Rule of Thirds,Cool,17
5,https://www.reddit.com/r/DivineGamingPhotos/comments/1mmek18/welcome_to_night_city/,Cyberpunk 2077,Landscape,Centered,Cool,12
6,https://www.reddit.com/r/DivineGamingPhotos/comments/1m806hb/ghost_of_tsushima/,Ghost of Tsuhisma,Action,Framing,Warm,8
7,https://www.reddit.com/r/DivineGamingPhotos/comments/1g8fspn/hanakosan_ghostwire_tokyo/,Ghostwire Tokyo,Portrait,Framing,Warm,11
8,https://www.reddit.com/r/DivineGamingPhotos/comments/1hy6j2j/at_the_edge_of_the_desert_nierautomata/,Nier: Automata,Landscape,Rule of Thirds,Warm,10
9,https://www.reddit.com/r/VirtualPhotography/comments/1lmz4gj/ghost_of_tsushima_slash/,Ghost of Tsuhisma,Action,Leading Lines,Warm,6
10,https://www.reddit.com/r/DivineGamingPhotos/comments/1hy36ci/ghost_of_tsushima/,Ghost of Tsuhisma,Action,Centered,Warm,9
11,https://www.reddit.com/r/DivineGamingPhotos/comments/1g98t49/ghastly_tunnel_ghostwire_tokyo/,Ghostwire Tokyo,Architecture,Framing,Cool,9
12,https://www.reddit.com/r/DivineGamingPhotos/comments/1j8tjtg/gloomy_red_dead_redemption_ii/,Red Dead Redemption II,Landscape,Rule of Thirds,Cool,8
13,https://www.reddit.com/r/DivineGamingPhotos/comments/1g8axoe/run_boah_red_dead_ii/,Red Dead Redemption II,Action,Leading Lines,Warm,8
14,https://www.reddit.com/r/DivineGamingPhotos/comments/1mbejvx/follow_the_arrows/,Cyberpunk 2077,Landscape,Leading Lines,Warm,7
15,https://www.reddit.com/r/DivineGamingPhotos/comments/1gstgld/black_myth_wukong_the_devil/,Black Myth Wukong,Portrait,Fill the frame,Warm,23
16,https://www.reddit.com/r/DivineGamingPhotos/comments/1m2c0kc/sunset_in_mordor_shadows_of_war//,Mordor - Shadows of War,Action,Rule of Thirds,Warm,21
17,https://www.reddit.com/r/DivineGamingPhotos/comments/1g1qzjt/hanging_in_there_ghostwire_tokyo,Ghostwire Tokyo,Action,Rule of Thirds,Cool,19
18,https://www.reddit.com/r/DivineGamingPhotos/comments/1geapdh/predator_shadow_of_the_tomb_raider/,Shadow of the Tomb Raider,Portrait,Fill the frame,Warm,18
19,https://www.reddit.com/r/DivineGamingPhotos/comments/1h7buxj/lighthouse_sea_of_thieves/#lightbox,Sea of Thieves,Architecture,Centered,Cool,17
20,https://www.reddit.com/r/DivineGamingPhotos/comments/1exd6xp/desolate_alley/,Cyberpunk 2077,Architecture,Leading Lines,Cool,17
21,https://www.reddit.com/r/DivineGamingPhotos/comments/1gwfx3n/some_screenshots_from_my_latest_cyberpunk_2077/,Cyberpunk 2077,Action,Leading Lines,Cool,48
22,https://www.reddit.com/r/DivineGamingPhotos/comments/1fh7qa2/thrill_city_nights_forza_horizon_3/,Forza Horizon 3,Landscape,Rule of Thirds,Cool,16
23,https://www.reddit.com/r/DivineGamingPhotos/comments/1fbdaoi/now_or_never/#lightbox,Cyberpunk 2077,Portrait,Fill the frame,Cool,16
24,https://www.reddit.com/r/DivineGamingPhotos/comments/1jbstpf/abstract_architecture_nier_automata/#lightbox,nier: Automata,Architecture,Rule of Thirds,Monochrome,14
25,https://www.reddit.com/r/DivineGamingPhotos/comments/1hr955z/tallneck_climbing/#lightbox,Horizon Zero Dawn,Architecture,Centered ,Warm,14
26,https://www.reddit.com/r/DivineGamingPhotos/comments/1g9kqc6/sorcerer_supreme_marvels_midnight_suns/#lightbox,Marvel's Midnight Sun,Portrait,Rule of Thirds,Warm,13
27,https://www.reddit.com/r/DivineGamingPhotos/comments/1fk1n0p/hitman_iii/#lightbox,Hitman III,Landscape,Leading Lines,Monochrome,13
28,https://www.reddit.com/r/DivineGamingPhotos/comments/1ke8zin/h_is_for_hand/#lightbox,Horizon Zero Dawn,Abstract,Centered,Cool,12
29,https://www.reddit.com/r/VirtualPhotographers/comments/1im66so/a_portrait_photo_i_took_in_cyberpunk_2077/#lightbox,Cyberpunk 2077,Portrait,Centered,Monochrome,5300
30,https://www.reddit.com/r/VirtualPhotographers/comments/1hm6n5y/red_dead_redemption_2/#lightbox,Red Dead Redemption II,Architecture,Centered,Warm,2849
31,https://www.reddit.com/r/VirtualPhotographers/comments/1j9fv14/my_favorite_photo_ive_taken_in_no_mans_sky_so_far/#lightbox,No Man's Sky,Portrait,Negative Space,Neutral,1053
32,https://www.reddit.com/r/VirtualPhotographers/comments/1iabb1c/assassins_creed_mirage/#lightbox,Assassins Creed: Mirage,Architecture,Leadling Lines,Warm,820
33,https://www.reddit.com/r/VirtualPhotographers/comments/1g2w0ch/alan_wake_ii/#lightbox,Alan Wake 2,Portrait,Fill the frame,Neutral,341
34,https://www.reddit.com/r/VirtualPhotographers/comments/1im2rrv/great_sand_sea_assassins_creed_origins/#lightbox,Assassins Creed: Origin,Landscape,Rule of Thirds,Warm,796
35,https://www.reddit.com/r/VirtualPhotographers/comments/1iqtdxi/the_witcher_3_wild_hunt/#lightbox,The Witcher 3,Landscape,Leading Lines,Warm,652
36,https://www.reddit.com/r/VirtualPhotographers/comments/1kl0jjp/red_dead_redemption_2/#lightbox,Red Dead Redemption II,Action,Fill the frame,Neutral,572
37,https://www.reddit.com/r/VirtualPhotographers/comments/1imtkzk/this_is_art_gt7/#lightbox,Grand Turismo 7,Action,Leading Lines,Neutral,526
38,https://www.reddit.com/r/VirtualPhotographers/comments/1io0t1e/red_dead_redemption_2/#lightbox,Red Dead Redemption II,Landscape,Framing,Warm,519
39,https://www.reddit.com/r/VirtualPhotographers/comments/1ijz8n5/red_dead_redemption_2/#lightbox,Red Dead Redemption II,Portrait,Centered,Warm,384
40,https://www.reddit.com/r/VirtualPhotographers/comments/1mfg66m/red_dead_redemption_2/#lightbox,Red Dead Redemption II,Portrait,Birds Eye View,Warm,505
41,https://www.reddit.com/r/VirtualPhotographers/comments/1im4ye5/john_red_dead_redemption_2/#lightbox,Red Dead Redemption II,Portrait,Centered ,Warm,367
42,https://www.reddit.com/r/VirtualPhotographers/comments/1j7vpey/black_water/,Red Dead Redemption II,Architecture,Leading Lines,Warm,351
43,https://www.reddit.com/r/VirtualPhotographers/comments/1iuqspl/witchs_ladle_alan_wake_2/#lightbox,Alan Wake 2,Landscape,Leading Lines,Cool,336
44,https://www.reddit.com/r/VirtualPhotographers/comments/1jz1k0y/red_dead_redemption_2/#lightbox,Red Dead Redemption II,Portrait,Centered,Cool,334
45,https://www.reddit.com/r/VirtualPhotographers/comments/1gvpy6m/the_last_of_us_part_i/#lightbox,The Last of Us 1,Architecture,Leading Lines,Neutral,246
46,https://www.reddit.com/r/VirtualPhotographers/comments/1gx4mus/stalker_2_heart_of_chornobyl/#lightbox,S.T.A.L.K.E.R. 2,Landscape,Leadling Lines,Warm,316
47,https://www.reddit.com/r/VirtualPhotographers/comments/1j4sd49/the_witcher_3_wild_hunt/#lightbox,The Witcher 3,Landscape,Leading Lines,Cool,304
48,https://www.reddit.com/r/VirtualPhotographers/comments/1kjyvey/the_last_of_us_2/#lightbox,The Last of Us 2,Portrait,Double Exposure,Cool,300
49,https://www.reddit.com/r/VirtualPhotographers/comments/1jvx5qs/the_last_of_us_part_ii_remastered_pc/#lightbox,The Last of Us 2,Portrait,Birds Eye View,Neutral,290
50,https://www.reddit.com/r/VirtualPhotographers/comments/1iljwcs/italian_alley_gt7/#lightbox,Grand Turismo 7,Architecture,Leading Lines,Warm,285
51,https://www.reddit.com/r/VirtualPhotographers/comments/1j5pfny/red_dead_redemption_2/#lightbox,Red Dead Redemption II,Architecture,Leading Lines,Warm,281
52,https://www.reddit.com/r/VirtualPhotographers/comments/1kywow5/the_witcher_3/#lightbox,The Witcher 3,Landscape,Framing,Cool,253
53,https://www.reddit.com/r/VirtualPhotographers/comments/1jtjmyt/broken_window_the_last_of_us_part_i/#lightbox,The Last of Us ,Portrait,Framing,Warm,288
54,https://www.reddit.com/r/VirtualPhotographers/comments/1m60eh2/wires_cyberpunk_2077/#lightbox,Cyberpunk 2077,Architecture,Leading Lines,Cool,229
55,https://www.reddit.com/r/VirtualPhotographers/comments/1j04v8f/red_dead_redemption_2/#lightbox,Red Dead Redemption II,Landscape,Centered ,Cool,226
56,https://www.reddit.com/r/VirtualPhotographers/,Assassins Creed : Shadows,Architecture,Leading Lines,Neutral,218
57,https://www.reddit.com/r/VirtualPhotographers/comments/1id2tv5/red_dead_redemption_2/#lightbox,Red Dead Redemption II,Landscape,Leading Lines,Warm,215
58,https://www.reddit.com/r/VirtualPhotographers/comments/1mhyeuf/outer_wilds/#lightbox,Outer Wilds,Portrait,Centered ,Cool,214
59,https://www.reddit.com/r/VirtualPhotographers/comments/1gor73q/arthur_morgan_red_dead_redemption_2/#lightbox,Red Dead Redemption II,Portrait,Negative Space,Neutral,213
60,https://www.reddit.com/r/VirtualPhotographers/comments/1fo7kbu/god_of_war_ragnarok/#lightbox,God of War : Ragnarok,Portrait,Framing,Cool,198
61,https://www.reddit.com/r/VirtualPhotographers/comments/1gc2h5w/recently_started_space_marine_2_here_are_some/#lightbox,Space Marine 2,Action,Rule of Thirds,Warm,196
62,https://www.reddit.com/r/VirtualPhotographers/comments/1kqk9ks/bathed_in_moonlight/#lightbox,Baldur's Gate 3,Landscape,Rule of Thirds,Cool,193
63,https://www.reddit.com/r/VirtualPhotographers/comments/1k8xqw5/lune_clair_obscur_expedition_33/#lightbox,Clair Obscur: Expedition 33,Portrait,Fill the frame,Cool,188
64,https://www.reddit.com/r/VirtualPhotographers/comments/1jspgaj/ghost_of_tsushima/#lightbox,Ghost of Tsuhisma,Landscape,Leading Lines,Warm,182
65,https://www.reddit.com/r/VirtualPhotographers/comments/1kyzasr/taking_it_all_in_the_witcher_iii_wild_hunt/#lightbox,Red Dead Redemption II,Landscape,Rule of Thirds,Cool,168
66,https://www.reddit.com/r/VirtualPhotographers/comments/1hddgor/freedom_cyberpunk_2077/#lightbox,Cyberpunk 2077,Architecture,Leading Lines,Cool,155
67,https://www.reddit.com/r/VirtualPhotographers/comments/1imgmbj/old_landscape_photo_rdr2/#lightbox,Red Dead Redemption II,Landscape,Framing,Neutral,153
68,https://www.reddit.com/r/VirtualPhotographers/comments/1k0r8o1/south_of_midnight/#lightbox,South of Midnight,Architecture,Rule of Thirds,Warm,236
69,https://www.reddit.com/r/VirtualPhotographers/comments/1i4x9fd/red_dead_redemption_2/#lightbox,Red Dead Redemption II,Portrait,Fill the frame,Cool,235
70,https://www.reddit.com/r/VirtualPhotographers/comments/1mj4iiq/cyberpunk_2025/#lightbox,Cyberpunk 2077,Portrait,Centered,Cool,233
71,https://www.reddit.com/r/VirtualPhotographers/comments/1mrn4od/dishonored/#lightbox,Dishonored,Portrait,Framing,Warm,210
72,https://www.reddit.com/r/VirtualPhotographers/comments/1ivay2d/god_of_war_2018/,God Of War (2018),Portrait,Fill the frame,Neutral,217
73,https://www.reddit.com/r/VirtualPhotographers/comments/1gcp9ul/silent_hill_2/#lightbox,Silent Hill 2,Landscape,Birds Eye View,Warm,217
74,https://www.reddit.com/r/VirtualPhotographers/comments/1gdpe89/the_last_of_us_part_i/#lightboxcom/r/VirtualPhotographers/comments/1gdpe89/the_last_of_us_part_i/#lightbox,The Last of Us,Architecture,Centered,Warm,164
75,https://www.reddit.com/r/VirtualPhotographers/comments/1hn9by5/gta_iv_hello_from_broker/,GTA IV,Architecture,Leading Lines,Warm,164
76,https://www.reddit.com/r/VirtualPhotographers/comments/1knzjmn/red_dead_redemption_2/#lightbox,Red Dead Redemption II,Architecture,Leading Lines,Cool,186
77,https://www.reddit.com/r/VirtualPhotographers/comments/1jerqu9/shadow_of_the_colossus/#lightboxx,Shadow of the Colossus,Action,Rule of Thirds,Neutral,184
78,https://www.reddit.com/r/VirtualPhotographers/comments/1juh6gr/assasins_creed_mirage_screenshots/#lightbox,Assassins Creed: Mirage,Landscape,Rule of Thirds,Warm,159
79,https://www.reddit.com/r/VirtualPhotographers/comments/1jgmwja/photo_mode_album_the_invincible_description_has/#lightbox,The Invincible,Landscape,Centered,Cool,158
80,https://www.reddit.com/r/VirtualPhotographers/comments/1jye00h/assassins_creed_shadows/#lightbox,Assassins Creed : Shadows,Action,Centered,Warm,156
81,https://www.reddit.com/r/VirtualPhotographers/comments/1jdojhq/dead_island_2/#lightboxx,Dead Island 2,Abstract,Framing,Warm,776
82,https://www.reddit.com/r/VirtualPhotographers/comments/1jjryxu/batman_arkham_knight/#lightbox,Batman : Arkham Knight,Portrait,Centered,Monochrome,754
83,https://www.reddit.com/r/VirtualPhotographers/comments/1ilhjqh/2077/#lightbox,Cyberpunk 2077,Architecture,Leading Lines,Cool,482
84,https://www.reddit.com/r/VirtualPhotographers/comments/1iopl3f/pt_2_of_attempting_urban_photographyfeedback/#lightbox,Cyberpunk 2077,Architecture,Rule of Thirds,Warm,428
85,https://www.reddit.com/r/VirtualPhotographers/comments/1kahwp1/assassins_creed_shadows/#lightbox,Assassins Creed : Shadows,Architecture,Leading Lines,Neutral,326
86,https://www.reddit.com/r/VirtualPhotographers/comments/1ka1x4z/winter_assassins_creed_shadows/#lightbox,Assassins Creed : Shadows,Action,Centered,Warm,155
87,https://www.reddit.com/r/VirtualPhotographers/comments/1ka1x4z/winter_assassins_creed_shadows/#lightbox,Assassins Creed : Shadows,Architecture,Framing,Cool,155
88,https://www.reddit.com/r/VirtualPhotographers/comments/1lb8c7k/stellar_blade/#lightbox,Stellar Blade,Portrait,Rule of Thirds,Warm,148
89,https://www.reddit.com/r/VirtualPhotographers/comments/1kgw5r2/horizon_forbidden_west/#lightbox,Horizon Forbidden West,Landscape,Framing,Warm,141
90,https://www.reddit.com/r/DivineGamingPhotos/comments/1htphzj/the_last_of_us_pt1/#lightbox,The Last of Us,Action,Leading Lines,Warm,38
91,https://www.reddit.com/r/cyberpunkgame/comments/1m74h05/breathtaking_photo_mode/,Cyberpunk 2077,Portrait,Rule of Thirds,Warm,374
92,https://www.reddit.com/r/VirtualPhotographers/comments/1h11dws/alan_wake_ii/#lightbox,Alan Wake 2,Portrait,Rule of Thirds,Warm,276
93,https://www.reddit.com/r/VirtualPhotographers/comments/1jle8a7/kingdom_come_deliverance_ii/#lightbox,Kingdom Come Deliverance II,Portrait,Framing,Warm,260
94,https://www.reddit.com/r/VirtualPhotographers/comments/1go3y20/horizon_forbidden_west/#lightbox,Horizon Forbidden West,Portrait,Fill the frame,Warm,254
95,https://www.reddit.com/r/VirtualPhotographers/comments/1jt51k6/red_dead_redemption_2/#lightbox,Red Dead Redemption II,Portrait,Framing,Monochrome,249
96,https://www.reddit.com/r/VirtualPhotographers/comments/1jyh6ny/marvels_guardians_of_the_galaxy/#lightbox,Marvel's Guardians of the Galaxy,Portrait,Framing,Warm,232
97,https://www.reddit.com/r/VirtualPhotographers/comments/1irhxpn/kcd2_is_something_else_indeed/#lightbox,Kingdom Come Deliverance II,Landscape,Framing,Warm,227
98,https://www.reddit.com/r/VirtualPhotographers/comments/1jar70h/forza_horizon_2/#lightbox,Forza Horizon 2,Action,Rule of Thirds,Warm,208
99,https://www.reddit.com/r/VirtualPhotographers/comments/1gtfs1f/horizon_forbidden_west_beautiful_vistas/#lightbox,Horizon Forbidden West,Architecture,Centered,Cool,221
100,https://www.reddit.com/r/VirtualPhotographers/comments/1fdh9ps/warhammer40k_space_marine_2/#lightbox,Warhammer40k: Space Marine 2,Portrait,Centered,Neutral,199